"Survie";"Derive";"Standardisation";"Mortalite";"Fecondite"
0.301436607086031;0.0755587077589218;0.987419713985237;1.13691715904003;1.0186234360047
0.590662679550177;-0.0173755595930488;1.10502043267793;0.879524284991135;0.943790047437818
0.401106818555593;0.0524251625112294;0.968040580068291;1.09470900301259;1.01963868223942
0.537634879421814;0.0138810770213291;1.07810965743498;0.884910378333758;1.19582565465656
0.290438326540071;0.13716239741767;1.04132974294195;1.1192948608288;0.8830855587336
0.507546975302241;-0.00641864747395629;1.03652842120347;0.88063883388828;1.03903011742654
0.347295743233731;0.186983176129773;0.978059209459346;0.972400812883016;0.898037036342474
0.324997910673293;0.0705490916195002;1.06471160836428;1.14133909299735;1.13361083892438
0.314378721893707;0.172554125835828;0.815121032529883;1.07976396888653;0.920294611851772
0.645866354644624;-0.0302370686421297;1.16257057306003;0.927656597981177;0.812058299099819
0.328514121345639;-0.0851777182160964;1.02839123512769;1.19133634459475;0.804618202255762
0.578701483797339;-0.0867604964471809;1.1863959432771;1.13189940128943;0.880310487270954
0.253017521565709;0.0320513211194544;0.940954867090207;1.19727948609727;1.02066046923981
0.309594233368897;0.138101308815287;1.0319684327131;1.02916693110404;0.985261766999944
0.456428368666415;-0.0682285420943537;0.849013035681435;1.16712902295296;0.807839719054319
0.433615331719036;-0.0596626227084987;1.04265095238649;1.13489857141484;0.807608347231411
0.67098578179119;0.0278603790215846;0.835702491291411;0.806772707712068;1.10440727131806
0.29267105715907;0.0673055961006569;1.11725569166587;1.1792697894117;0.98347032846815
0.367027652415141;0.183464119491802;0.874375997030935;0.871386409377823;0.919181280845999
0.698869786496349;-0.0769288091855703;1.06415484338438;0.808888735221885;0.848076220716333
0.276813596669519;0.173266704867448;0.927792864673437;1.1174730861573;0.828968454663717
0.333164087205315;-0.0277619105723221;0.9423813451289;1.16406996553577;0.982888966906355
0.571467520419069;0.0833427840711905;0.907772525128241;0.83287910863664;0.948132608226246
0.438134535885494;0.149051372120024;0.959656006990855;0.939140234526763;1.17874611846455
0.284082228670431;0.117933787964096;0.911851196623595;1.0987094545843;0.824456597208267
0.414077000567661;0.0393601312907263;1.13725699438821;0.967907190236386;1.04684365031512
0.463362509767479;-0.0239926521413071;1.10184116039096;0.96842005884442;1.1644801823949
0.535843460224734;0.0181624576595396;1.07025711456406;0.967391703688748;1.07033941228089
0.448798301746376;-0.0925925753663881;1.02492296004291;1.12635043510399;0.865236286296716
0.278056275918678;0.0352526887128761;0.92115534267197;1.12185857976726;1.02134406727335
0.533748028388998;0.170131372517192;0.997136256027241;0.91764131997826;1.03952071651092
0.378463604687622;0.0466839757321466;0.984246246868098;1.05980246121582;1.02210739186102
0.345991783353118;0.0591874387817312;0.9718589693189;1.11751265650271;1.00107518706214
0.344526889848238;0.0413116934520702;0.897985748576674;1.07007829285131;1.12053200196863
0.523016921981762;0.0491231867842571;0.985487291719362;0.999560923059349;0.991277893636106
0.204233579899991;0.14081238005425;0.94188910778292;1.18996475914832;1.19397739178339
0.275058332434957;0.148905730853328;1.01973999942186;0.997536660553905;1.0929784624651
0.629915500650412;0.0232378744747509;0.953568724411073;0.840742483165146;0.906418489525605
0.445382799777965;0.0313849373056542;1.13197267510887;0.978764985430824;1.18838882938072
0.374190020158286;0.18653954909852;1.02572956833695;0.871963544339471;1.08720363765128
0.43412262298483;0.00549771078993268;1.12122669375124;1.07369288703939;1.13828370091878
0.544126248391136;0.0433562501572962;0.862254449617391;0.804152951753376;1.05207504264438
0.645074238449665;0.089631294856602;0.836701406528519;0.837496368367234;0.814728415660748
0.595806896130056;-0.0300505850438275;0.866676607646062;1.05136926154304;0.959964212334893
0.242057578630636;0.0970413558581427;1.0042537325539;1.11083316483185;1.06363997530721
0.250952437188769;0.127944280060547;0.84587775949351;1.17018714577546;0.909865612843142
0.601507448144507;0.113512012247579;0.952973302764119;0.818677367838146;0.946851597310812
0.325939454453417;0.0205880787717489;1.12043525575106;1.12462264023386;1.03757927293268
0.317586625799401;0.199237488309397;0.82076240329086;0.83581731654001;1.05327650389057
0.697915829281811;-0.0573630805503804;0.841758205234711;0.828177545249142;1.19783844461809
0.302252239153774;0.013562966629798;0.957428575875629;1.13896162931207;1.09924907560752
0.573087217123083;-0.0846593378634765;1.18803217411159;0.880378480566351;0.924919497881332
0.438024174682052;0.0878903996426628;0.84440597658926;1.02734047856306;1.12492628998209
0.492382925636799;0.127661010576462;0.875067067429259;0.943366985845209;1.14542891338901
0.548652130422811;0.0806812314882565;1.14277486755499;0.903932499314421;1.09375038983016
0.296810647237248;0.0438396715497024;1.0245687690634;1.12262246380368;0.801562072275223
0.53165999334966;0.0509127966515167;1.16460210201239;1.07993770264242;1.09647957968773
0.391909143241181;0.111002763919495;0.989556725246956;1.07349773744636;1.05687230951245
0.588838711041541;-0.0459166241337677;0.939095455084633;1.01147675624365;0.853671005286157
0.313985434507493;0.0900116763161984;1.18540735522713;1.12417626541614;0.837365374586862
0.272657700670129;0.00346271730762682;0.859194326142498;1.03417650852905;1.05960898443816
0.673653217274887;0.0434723610431287;1.05879377543087;0.806349178380479;1.07941786736085
0.62798352677088;-0.0524802748368043;0.924549451165121;0.924974974408919;0.928575891665806
0.582849432860804;-0.0197234246679298;0.932130548721015;0.891706954498087;1.11301656500031
0.249095702860469;0.165913025933358;1.04008896660792;1.05876334838883;1.03193316257594
0.679873727529217;0.0142251506048975;1.16304518115961;0.935369353150638;0.978143809337545
0.219802392010356;0.180908459512442;1.04702574123752;1.12750070685809;1.06773411604807
0.603681890917223;0.0395026330736028;0.897708303088603;0.807464657170628;0.822626233488647
0.688075133761226;-0.0992319243917733;1.06116152025606;0.992803036587784;0.859297968968759
0.541373354677002;-0.0424133753553674;1.00761477897213;1.12547941549275;0.933075737472972
0.386991809432366;0.171228247470337;0.988723088529379;0.936313709206436;1.14925433721173
0.278435790669499;0.176685302689414;0.953417429354734;1.09262832031948;0.801489113486146
0.202101001564884;0.199927219824928;1.12168643201658;1.1688504700254;1.04394134785185
0.61572641013211;-0.0982540357341008;1.01931160568009;0.955029715882526;1.16646283260492
0.273300643672242;0.176006911287274;1.10796954811274;1.10930407310038;0.892700957378254
0.261208507717589;0.157104044136685;1.07035951915203;0.902283518675455;0.987154778171948
0.412597587366622;0.0700071779867622;0.89783333417515;0.97717728548393;0.846416308279201
0.58672001557548;-0.0358121478668632;0.901915969968439;1.03775419424259;0.983218772455746
0.39130379149236;0.179435956100124;1.13516917688928;0.864230086294204;0.913077389840078
0.682103209789647;-0.0890756307415413;0.852572849499024;0.834642864411235;0.850936325663484
0.327857498367796;0.0852223228041299;1.169957697524;0.93439898824287;0.861182364299794
0.641975791066247;-0.0967089222628151;0.859058961518281;1.068729274557;1.0914424042137
0.618193516613399;0.0340836591458798;1.17410583748579;0.903689779532632;0.982759359192176
0.382596460565756;0.0993488410748173;0.808824099591096;0.997943881458439;0.870247541557511
0.405754827289787;0.124097364849737;0.933401265703056;1.0562053426143;1.02809734077737
0.604358035214356;-0.0465239011279929;0.816433941943487;1.02931674241465;0.970386005985064
0.597361406860523;0.0292050530363425;1.13675406059059;0.880072193303606;1.03964290041825
0.496890692661412;-0.0399365947756441;1.12174235501235;1.11718005804802;0.803232499776452
0.417680347910709;0.0852416770187854;1.18282213823249;0.890682772533504;1.14452597715817
0.665030693707284;-0.0715422332764603;0.964019758897743;0.910434164182078;1.06158090648229
0.314124621376516;-0.098673120949596;1.13076985703383;1.1385595541645;0.959195719452313
0.637430433387516;0.0715677556479201;1.13060405123263;0.80595114246864;0.814576724901301
0.687564841316116;-0.0944208107205683;0.816470627691065;0.909406795395102;1.01049329291832
0.291309520269922;0.0568855080623897;1.0871914385248;1.00970149740914;0.988962974541266
0.690345022942333;-0.0532391223021987;1.08397397650987;0.808072296456023;0.919676483445419
0.634635474789502;0.0176984648780908;1.13736245026196;1.06000642422807;0.983123632874795
0.476332188214177;0.160770903949818;1.03780414141289;0.860130348453828;0.924578410151227
0.519083941031544;0.0198115802673241;0.903077065941506;0.984990487837377;0.961043371511407
0.670389860108161;-0.00306589331524153;1.15674318667444;0.828035927308963;0.924234371936561
0.359923760401102;0.126396893712877;0.914939945389774;0.81984834160954;0.897188245747563
0.342246447500062;0.139676527757472;0.946357682893221;0.845976260847987;1.0383711873178
0.308398059856059;0.197945243109211;1.08924209488756;0.919095763329981;1.06314378947317
0.463938444025234;0.104326202617492;1.19492146777494;0.917236452244163;1.09021346427115
0.665640347830352;-0.0666398969936346;0.833797834158401;0.894368511407239;1.01298849651504
0.343039440250454;0.0895540794292534;0.870037781548486;1.16803294769494;1.17755697122087
0.328268200043119;0.1279802575226;1.06781814459021;0.936834035366627;1.1106587462821
0.416137696867153;0.196285952435571;0.838721703197262;0.849672371536254;1.17266687810316
0.301984274387123;0.121179487117886;0.849183946012493;1.14027141787192;1.06571774279743
0.59694359755609;-0.0466498694501418;1.07786012662552;0.979852411986527;1.04857330760447
0.335016519113689;0.105309369050653;0.92875383428342;1.16644973163889;0.877739092657263
0.328274591338713;0.142696197315945;1.01232047516154;0.917133055141174;1.02292506245429
0.345554635874217;-0.0501124863070357;1.05251725901354;1.1780420113628;1.15917066759446
0.695650265027075;0.0300314002084959;0.899684225277351;0.835078158671095;1.10441099671248
0.31620591022436;-0.0201690374253181;0.868912644828597;1.10183664764867;1.05614907886843
0.384214695282856;0.0621283685004725;1.1798975061226;0.970195627013019;0.9208236994101
0.552911088507026;0.00386731819659732;1.08183939914724;1.11709503868619;1.1238801496198
0.479787939960484;-0.000279476712616092;0.893227542096189;1.0921413215082;0.889378840731934
0.484436982463724;-0.0250351578764128;1.0000019043086;1.09266055870555;1.04243241039307
0.610178610201048;0.0475968608224134;1.18140887652475;0.802824074607228;1.09322978862424
0.221688081682982;0.0957860355771493;0.871293245245516;1.09358627481574;1.19776104399197
0.657494890586803;-0.0193761021246779;0.842122347223969;0.988705121853524;1.11570789458711
0.261610467096528;0.155188902771115;0.880108083536092;0.977828537346435;0.84536708673657
0.649716579413711;-0.0642079523061409;0.809315787639777;0.811704254317132;1.01071161491299
0.577145818597087;-0.05524563449928;0.91561749776337;1.05437524291106;1.03038386438061
0.56361637594155;-0.0341244321354895;0.943400451801487;1.16291938741312;0.979301757427295
0.232688535542784;0.150975637915756;1.01462912191924;1.12607131007444;1.08272320948198
0.604376803358327;0.134035304382213;0.984411595055341;0.940203562423986;1.11233701684277
0.462119942017892;0.0275445410965034;1.16401978292306;1.07913210383045;0.931022830059481
0.327209258954372;-0.0218410909123784;0.836044250560269;1.13164684408203;0.94431495453304
0.660517991343821;-0.043881958246313;1.00584763923941;0.803770658756084;0.806353676733636
0.68730998359419;-0.0902239616652412;0.922508799556497;0.826024750729278;0.901804349218907
0.359077224783466;0.18248632845489;1.17013667552083;1.00642942155277;0.918478893514136
0.447043591073986;-0.0577834177373466;1.00828661230389;1.1475052821674;0.928020010810504
0.293770395448869;0.146430979562058;1.05548495601839;1.08722610231265;1.12417540341303
0.642352529498895;-0.0959118981841746;1.10759480597395;0.850352572437166;1.05879425239005
0.471946854841453;0.0125496025835522;1.02693829828184;1.11877300603601;1.11864786945127
0.655749259648768;-0.084245672262661;0.869895892237382;0.982685053818139;0.998355169190087
0.260161593189666;0.151918550241786;0.985022734800577;1.14346438208303;0.873764891157528
0.46526255715568;-0.0361065709113098;0.838378743847096;1.1036949295417;1.08790604988128
0.306778265324271;0.13368966920604;0.958549874274516;0.915883206427289;1.02970749912466
0.463129447540973;0.0323587454654066;1.16646327956435;1.09103732262464;0.827919051236867
0.616908448023092;0.0746680970779275;1.09422399341715;1.04777050436324;0.832517761077205
0.546031822528775;-0.086144516407717;1.11190661562061;1.03460098554825;0.921677176157525
0.400569538649372;0.15618872918549;1.06734137508163;1.0185466190236;1.14681262554303
0.670117127660366;0.0466037568374669;0.873532095225217;0.950492472149981;1.16177492987505
0.568085202405715;-0.0480975495928803;0.858932581332646;0.980331593242842;0.831145752647087
0.562953871681638;0.140525527550957;1.07865237508818;0.840556090055994;0.953985866144718
0.696240576950828;-0.0992271221222009;0.934103228228899;0.883462744733036;1.14408523098461
0.336616357304276;0.0428521773705156;0.936015451083431;1.09139375527021;0.836232995142195
0.694376115361466;-0.0504461455557626;0.949626418309904;0.838650219263696;0.963678771279782
0.466600178849416;0.0105703477290921;1.07294279736027;0.998284667127772;0.806672574387589
0.298450035946387;0.0231042942271363;1.19458187823676;1.10723947144123;0.840333947252889
0.68054180253429;0.043572783112476;1.19112392772588;0.851352075694748;1.07396858329022
0.257368994830824;0.171921727248643;0.882478477099751;0.984863642042101;1.17270802283375
0.418351746660108;-0.0366010916847372;1.11445747767587;0.956660329652188;1.13551118185366
0.655236288846964;0.162230401617343;1.06110329376145;0.858790284454138;1.10817982046209
0.605867492157776;0.102206846964178;1.11017532598804;0.885612278944998;0.802534885680342
0.475415377273207;-0.0428465453560921;1.15662058822633;1.04027689431342;1.11963496291538
0.576290906826986;-0.0815255324392525;1.09882487325106;1.07341627335994;1.04620906361898
0.219241897578309;0.174406401597734;0.818216829279309;1.18032534885418;1.1449668295062
0.344262285098528;0.191730427768892;1.04361139918579;0.914234691692875;1.12831679717502
0.659092597167489;-0.0889484989962913;0.954029807772862;0.828834762975284;0.908214050581075
0.30219435847503;0.176722970697909;0.828145849228579;1.0305224199528;1.03142129218509
0.379850768463034;-0.0191436238629378;1.10837134113665;1.09779088288223;1.03843862062114
0.429479856209065;0.180567870107918;1.13527260726034;0.919868044367196;0.976473928279286
0.419575706845512;0.172194775684539;0.936729119582783;0.867126744113639;1.08838801303041
0.559666167158262;0.0926019775615506;1.14084506071159;0.955356415214812;0.816466120166078
0.503171193807158;0.151972155104196;1.1050885540682;0.880529663380083;1.11433670883328
0.550097323258933;0.181055973790247;1.16027728996028;0.91643129181528;1.13003881826127
0.540446033389065;0.10659864056355;1.09765462649146;1.05046363288218;0.821443367545153
0.355121145234775;0.192139394157772;1.1034080251937;0.904249821103741;0.947128770037027
0.209179735767436;0.188227260417939;0.815958309246392;1.18990640266949;0.832443112485781
0.56604793267465;0.186563485311457;1.06941851152433;0.90729682776716;0.951696171397008
0.637585702177932;0.162454532142164;0.993350676815821;0.823624651903658;1.15191452103764
0.513478379636228;0.0398176598822148;1.03870771579086;0.927124331113156;1.00793946075903
0.692992040318072;0.054383002785023;0.928280397918294;0.879012858129749;0.851363129158421
0.311443762703376;-0.00339693970497489;0.902163187453827;1.05212550485459;0.813465698618408
0.553394647888756;0.12618997484049;1.16035927074444;0.833819319894276;1.01060108429602
0.353016839459615;0.0339364465401948;0.811907308583127;1.18855601487;1.11668501251001
0.361290494836037;-0.0481445199988846;1.07218938888082;1.17905439715328;1.18106698438768
0.590288725561551;-0.00310319838084681;1.01672976440827;0.85279576837088;1.11946996495782
0.585915740819309;-0.0506635063011193;1.19488594016533;0.912549985124302;0.872935092077696
0.347650202421573;0.022259624500718;1.04090292554331;1.03056449046935;1.1753085211123
0.258334504237211;0.183391302616424;0.961550058081392;0.976972983706134;0.862100334225125
0.392754069184522;-0.0464140450075046;0.870383769793659;1.15548191029562;1.18562671616169
0.369914128065516;0.0511978448346084;0.842787665754221;1.01403871284885;1.0664848253572
0.477709273273463;0.0153200971692515;0.894241737148357;1.01448718677104;0.810763124122615
0.469394720907527;0.161650493855447;0.891253940915745;0.808728058788135;0.82373028785061
0.55657460597723;0.171416306711492;0.813616909920898;0.96584176530937;0.943527534806032
0.346611013730425;0.133942136184929;1.08047095642666;0.981318286327511;0.900034386789199
0.341000802647961;-0.0105083944624558;0.826066012832902;1.15706847344908;0.840401311825105
0.421547809068477;0.0309516959131295;0.841753217371733;0.933227260538706;1.14895111784739
0.559460814220939;0.174116649081234;1.14598050707415;0.839252233573468;1.11897804327789
0.220781494968768;0.186973794243252;1.17500148120596;1.08054648741767;0.908418488737614
0.348723705225472;0.0800477974895238;0.868349337351798;1.14634606579498;1.1218277938598
0.567165698158935;-0.0210108186049903;1.0051791630406;1.05413976067871;1.05315287309715
0.586529820794028;0.0837628211349857;1.04078294836849;0.90651940187912;1.04874704628148
0.381868165227793;0.0176880308772329;1.1215667680865;0.855286066382425;1.13144749034518
0.512807208041866;-0.055165995227171;1.10439964225172;1.02902788744791;0.857968269644733
0.484224173279158;-0.0275267693149889;1.19610816028237;0.892756257041918;0.806447913276889
0.485791879241317;0.131663955135489;1.08862784413244;1.07194850526403;1.14886331681309
0.592488762374095;0.043799745807489;1.14275625254846;0.896449178330423;0.941527441157284
0.352470677996623;-0.0466576335119163;1.07981132352533;1.06647879110215;0.856503561922236
0.554851746459256;0.0152614086434241;0.894750742296622;0.93229848348182;0.95860386212323
0.462601072613171;0.0566779937891959;1.08440034499853;0.979834975477974;0.913467172405073
0.502334211283382;-0.0457033898057495;0.974040421846802;1.06579671362574;0.922925962114866
0.67507586536798;-0.0566980510657569;1.02878996710285;0.843044317595385;0.833187642877343
0.333170839498877;0.167807048471287;0.975462234710849;0.969941744124244;1.15674419842923
0.500244511132396;0.121887659625961;1.09962907055936;0.991372924239107;0.945976203644905
0.556012765539201;-0.0719628650031465;0.993894206332634;1.04352054762101;1.06649352328271
0.462299822954728;-0.0786172257862654;1.05254616791014;1.12295107301796;1.16601682119734
0.241408547823142;0.0894811512966525;1.04873007247475;1.15112146640065;0.99455735725128
0.644541895624598;0.115153889661228;1.03376441228177;0.800924234122781;0.993511389678652
0.358154011281497;0.130170460717733;0.880755677502787;1.12243268939648;0.868547308746397
0.474513264753545;-0.0417540988998296;1.0774378221633;1.19306058796249;1.00508709720779
0.213302374673814;0.13791567679792;1.14026639244502;1.19754233594398;1.17304546713053
0.314450474700887;0.10859896584818;1.06710743750423;1.04253663108637;0.827153127138375
0.202490245586786;0.167875774256311;1.06416816385983;1.18181633267919;0.825521979227955
0.525212512649804;-0.0685833595791365;0.998623319705834;1.00889748971162;0.818442472652835
0.61643805575584;-0.0888008268925837;1.08142913533893;1.00488543337505;1.10164177582138
0.491388869959475;-0.0784576635668056;1.10991867806614;1.1182119303071;0.897545573581291
0.216072616686266;0.140320413052692;1.19728013901474;1.13963059846456;0.865317805477554
0.227646552869482;-0.0806912187769473;1.14548352554449;1.16854006158761;0.846491545361422
0.534064409125442;0.149840038230533;1.130097450685;0.98473197854584;0.883345840298234
0.273451920360846;-0.0663401523495753;1.17126587615464;1.18701474867445;1.13808106437638
0.354615966536812;0.0413243180665081;0.925197905158691;0.922623279512833;1.04942737280852
0.581030158024039;-0.0487182695630364;0.859691200324385;0.928085439327344;1.02981644575596
0.302833822172543;0.0252472042779852;0.874253256379591;0.914022685693339;0.982452361806698
0.518595849418596;0.0154183495318233;0.844196355758521;0.945277343242279;1.00030229755582
0.284128967061416;0.0575969800525331;1.07132182780378;1.08999858847025;0.928945479304752
0.363308464229619;0.0464196247952998;0.934064535347799;1.02413038637221;0.859812052342978
0.334940146403965;0.00411931303002436;1.16591540516568;1.19563698416296;0.938481576339438
0.49365047166966;0.0835843165374742;1.12978279114526;0.892323490129033;0.949784560798318
0.524812730670095;0.00182558944750906;0.862530274030734;1.05505784924367;1.10202181459927
0.620470464709123;-0.0190240847215256;0.857001355440403;1.0211098077409;1.07268742578584
0.345702385378975;0.0946161619199661;1.06213368430676;0.987463633745968;1.18758606224592
0.613120078651738;0.000733183183151201;1.04749694938663;0.861069939030439;1.11115283454994
0.419817685913398;0.158419153061138;1.00304717917944;1.08327392763077;0.941732441945895
0.408733707135394;-0.0126348473248521;1.00438683728142;1.00450124890436;1.14050088083889
0.408307817546416;0.0693018484651849;0.996309886958443;0.969997863382731;0.812324734190259
0.660669651739699;-0.0524847566217186;1.09135250909038;0.962286626477105;0.89619423600005
0.551157215762216;-0.0890346208045811;1.02660791680163;1.04803338009784;1.08576555745581
0.270230217246564;0.111152743883157;0.812291998786288;1.16272788021699;0.90174432081353
0.468467417271981;0.125838602064762;0.949652676087336;0.868375731910267;0.83718332336083
0.669475688864071;-0.000999730168573271;1.05227250917661;0.939046302517687;1.17179937500269
0.209422772056509;0.0787667767341494;1.10928972372704;1.18466767367098;1.14715731214861
0.230872680536859;0.0735714838520877;0.938846204744086;1.1580759608212;0.866168891946644
0.279860905739133;0.173635153998548;1.12500811117091;1.05556032926796;1.07895750573182
0.425258990851515;0.0687058081527089;0.916669754507655;1.07482228519404;0.841157371230626
0.300721729584001;0.174180442295464;0.820234367629777;1.00936055692186;0.913909810983665
0.219653878244019;0.189820745593897;1.02485352381013;1.09189611458906;1.07355657955166
0.683835409384952;0.13875331185414;1.1779968400425;0.801450285019473;0.808953191236366
0.490033109188687;0.106209797847195;1.00958385834902;0.872595398841481;0.86525767619728
0.563408584813955;0.151349345575646;0.89427579322545;0.892721925504171;1.18465611088806
0.573385583342815;-0.0609186964968537;0.947713337514271;1.02671615786963;0.856680292369077
0.561648657173611;-0.0195847255932342;0.99715344623245;1.03151962190535;0.829258485173955
0.671562894578139;0.152837667718102;0.905372451931777;0.803822654356236;0.91421684675584
0.222993582556454;0.0817718825591511;1.06334130808775;1.18393593904146;1.18004364287395
0.210863823235378;0.164918686740482;1.18236132771585;1.14198311339159;1.06122318791341
0.517804531154775;-0.0665403741509382;0.87383078122878;1.10089752412314;0.865235103498292
0.644720529649301;-0.0456473831443099;0.924279329295531;0.88412522856474;0.930980348149718
0.293278401432982;0.0349789275509961;0.845005553110817;1.08963801107476;1.13905632959811
0.275342108470753;0.193315680460182;1.00196448024874;1.0118469409355;1.18354684273299
0.427020853019723;0.16042159079432;1.14757658334822;0.9795316918678;1.09220810129899
0.32499806712833;-0.0579183966594897;0.956491655213;1.15591570281903;0.905032172814281
0.502587081564401;0.101739219600495;0.971905476476062;0.954074933546533;0.999068500909319
0.641635356081693;0.139445485134089;1.01914956369853;0.906852206157865;1.04903524327408
0.283013461583029;0.0337818158147632;1.1012648719864;1.05819653294664;1.03023051856927
0.375084724633278;0.0661143205203249;1.07838768083839;0.971484045837234;0.955097234794564
0.340796318825308;0.182950609386216;1.06421179526727;0.896766796013177;0.884882950562511
0.494223983284994;0.117527416798055;0.851913004371922;0.895656445449038;0.95430130232172
0.258691950001952;-0.0765553104393236;0.867819630383135;1.19592752783038;0.905266854329258
0.693062674349356;-0.096867835111373;0.842103539691572;0.915163593564107;0.969714251519431
0.621314704284189;0.0315925833162306;1.03468316263066;0.95013738925465;0.933341180256665
0.496022710005379;0.186518143991237;0.878718368336413;0.855964756573283;0.971696484448448
0.635156430993272;-0.051189119420094;0.853675117712577;0.851483221832787;1.04448907567018
0.207897109592694;0.195265442435378;1.06482714213543;1.16914980871259;1.15548900242966
0.539979460346095;0.089474982652214;0.970463689760713;0.846830758303709;0.962848011369348
0.478816002271557;0.11000088407473;0.930821629167496;0.998451287059878;0.802705360308142
0.529028697640547;-0.0508219165995851;0.950384500708679;1.11315073589579;1.07736638927472
0.222551432653919;0.140145761911517;0.860638020503734;1.16937797051369;0.981536643620632
0.280802577930147;-0.0828969766775355;0.831951957485178;1.19465730248811;1.04725608081072
0.282475727364748;0.190935772167008;1.07007392109571;1.09528032801838;1.04323517062609
0.328985726767809;0.012773506869726;0.909332812524569;0.925628524808727;1.11917913536511
0.422203689895733;0.0401977039210228;1.07741823276358;1.06669926023971;0.843268472274401
0.538109294736661;-0.007823907253508;1.04265224247145;0.958436185333819;1.12358351833181
0.571488660833289;-0.0932256321437232;0.827136358554425;1.18283870950925;1.07729460017331
0.303966306150435;0.0137582188317688;1.11739421298447;1.11407227531155;0.816917030250253
0.206790291809515;-0.00304024346833208;1.08760204986927;1.19964593174827;0.969639879812744
0.408484020133869;0.0314260857097064;0.91260356845363;1.17521039229188;0.870447565432122
0.470087692312244;0.00647556700948021;0.892304122332536;0.90532896662314;0.81624942223208
0.423993357578699;0.0181987730851601;0.832856339916074;1.16528314113374;0.836952266613229
0.234882985905566;0.0784342231481254;0.987282515311366;1.11839740195578;1.15445274696681
0.423071629764705;0.0875136302613465;1.19785553990826;1.07599400312445;0.861083121955841
0.657849642933177;-0.0025309300725202;1.05171124319907;0.824354770677632;0.802298217689514
0.213803322589961;0.181752107567835;1.11263190166412;1.16689527715682;0.894118560813254
0.568291614586629;0.0860580373918916;0.832674040361871;0.947036820122236;1.16837645697213
0.611937716903984;-0.0132777829504281;1.07868393516379;0.857108120612262;0.930612267651325
0.53738704211934;-0.00356841864095776;1.07276361918264;0.946865871270627;1.09657433194442
0.239673491905157;0.172036886382148;0.832426000613463;1.08981433865126;0.909475296265582
0.248363815209192;0.131990869749536;1.10679140519693;1.11646577634866;0.828795009841277
0.320390366261834;0.183328111864463;1.00149850249119;1.05566889627224;1.02649432874442
0.382053290205305;0.106510219136063;0.841966360655933;1.01573761881255;1.00186228838653
0.470640812142285;0.130780943936474;0.905879815928465;1.10474059997641;1.10722738071207
0.541089307806426;0.0980065383362847;1.05051579521734;0.876295861070904;0.80519208886738
0.620680312380074;0.00188961901776523;0.98061598301189;1.15018007832454;0.903978988831275
0.446630393574448;0.104631978087827;0.85432764943709;1.02873619368268;1.08631073061511
0.376010688942339;-0.00158391589199373;0.989778454729023;1.1464732422549;0.898322092024171
0.425299606711364;0.00465725114159254;0.897357982746666;0.854445988336166;1.1492697942931
0.284090362093445;0.145331770935458;1.15593120911276;1.11255569893884;0.837468654888459
0.409787165870164;0.0111067694483703;1.11819091791466;1.17107487736333;0.990962747665462
0.517887509951693;-0.0127458445176708;1.0580303258661;1.1145658843336;1.09830864171494
0.321839528388281;0.178768262579325;0.89533040669878;0.96801737671909;0.928884658203028
0.244838071851321;0.161701695284269;0.890595950716581;1.16540438409761;0.918597469075847
0.378185957158705;-0.0418308308991729;0.894100582961508;1.04591605816783;0.969529279191755
0.387573389929531;0.0522980290848239;0.865902278120367;0.913979853340182;0.808916844182412
0.364719740093424;0.181786900234426;0.949560252090389;0.856654480581976;1.00395471067196
0.612697462243539;-0.00288172012885998;0.968690599358042;0.914356738814998;0.870163873283096
0.222650746081738;0.190719407727926;0.985607864607168;1.07495242961924;1.05321299111773
0.499235072220603;0.172729482622493;1.06951608879091;0.832689680108106;0.900298331047416
0.603914879811602;0.0323330200619308;0.974372422978724;0.837495072245338;0.885184072082097
0.250447666578091;-0.0189274836506852;1.17616078500139;1.19108947385422;1.02154796225994
0.256611487279896;0.182623140264026;0.868559120188912;1.01016248876105;1.06112648405378
0.668659640405418;-0.0567804068704136;1.17273277094325;0.933319535196438;0.852547719863693
0.307463202868386;0.0225558241933534;0.846354707766141;1.17252866459522;1.14472656009722
0.620034912417324;0.0295425047362991;0.826474413657017;0.922522660835636;1.08267422484986
0.305604073876585;0.121119477321889;1.14427830056288;1.13411894087745;0.860898430224284
0.518282678686535;0.0815352277012691;1.02239554741371;1.06642414347626;0.961443943257452
0.288115448313965;0.113560145997021;1.0994515318948;0.969332892447687;0.898525068446682
0.316884073892555;0.104540446511748;1.0526677556506;0.92921947147384;0.826318408745756
0.425115255260825;-0.0669777860818926;1.17405785859201;1.18210792442557;0.945290778180515
0.356578155516798;-0.0583481879781321;1.18643985764218;1.17696543873363;1.09089101053525
0.265894460910834;-0.0107927107590908;1.04690737150201;1.04094950065348;1.1742663745635
0.696165098212485;-0.0850473145961201;0.920969802755013;0.819600994170116;0.95516995291817
0.632335329108353;-0.0284498497973615;1.14519362563035;0.856982086423257;0.882644675344043
0.315000685267804;0.0862514620316573;1.08144518260079;1.16111279705938;0.859450342508132
0.648113099448516;0.145211789026497;1.01932746342825;0.803786978043966;1.14965403694741
0.69608300953344;0.0727698752861378;1.12610900692635;0.835846005795083;1.19691735399333
0.380046011550072;0.0456854474747988;1.1534423892782;1.13082073640036;1.02851564414047
0.303611733466955;0.142357793747869;0.976809458206595;0.94965347223512;1.01490755245642
0.426592006257623;0.0406736231266935;0.972136754132619;1.13544672281587;1.00003880670624
0.346415625613255;-0.0439876450704132;0.90345276358048;0.992572423561444;0.956583733845949
0.37822480720301;0.108145338067808;1.14852608443821;1.06588794298318;1.06251330538662
0.249009701050034;0.122534614258118;1.12674813140156;0.954724208347306;1.08320976349237
0.292444621320313;0.0570541326064392;0.82240346164428;0.942671366450491;0.902583681839144
0.411764571576333;0.0929219959362591;1.08442777528659;1.04541908721992;0.813380072836827
0.597940544404597;-0.0959889416806073;1.02076803273608;0.889726018257034;0.837225953580103
0.471121374123152;-0.0507847020955046;0.87771664759425;1.11736678090377;0.987915453174947
0.271655678297115;0.143266514808379;0.816001160443856;1.15942007430051;0.978323828242705
0.698623723985612;-0.0722215560321786;0.844434851624486;0.807863943360947;0.886269114494884
0.554946404389454;-0.0780394200188336;0.929033600381443;1.05033997561882;0.999171246398274
0.352647561493353;0.09258338989903;0.864801163181143;1.06903219956429;0.9066078376507
0.444679470751368;0.186661222264931;0.832490252914345;0.867281528847296;0.888944786463938
0.463027569493614;-0.0617881528467973;0.893161610924615;1.0553099709181;0.852566685986545
0.565435610911695;-0.0331918786208994;1.02283066930473;0.946542449261045;0.910322812156333
0.226429202666538;-0.0690868114097261;1.14576548778578;1.19056497916261;1.02912132098999
0.227020841773962;0.158109604969427;1.04033844746398;1.15947395606437;1.13167075648225
0.41567018372481;0.0135906013654171;0.983192817251262;1.09110491728945;1.16598534045954
0.338856031871791;0.0895003581636281;0.807625360386728;1.09082987580315;1.17849688241288
0.547539951708464;0.16477917030636;1.1675336801293;0.88129499972717;0.893157736088448
0.581786435249582;-0.0101485984002844;0.972475866024391;0.9789332340104;1.0050048357668
0.43990902416061;0.05861115132741;1.02810258247695;1.05981425180733;0.861097131181323
0.211516415638678;0.17544207074399;0.885488015576395;1.14358422356082;0.850173828791813
0.668523999368382;-0.0710961929312213;1.12042844478578;0.838105266663286;1.07720708659969
0.61095155893774;-0.0216374921791641;1.07199101576778;1.07047496005696;0.964056162164533
0.248797318008898;0.167981175083552;1.19527942572498;1.05349512595896;0.824362142613375
0.647356720388919;-0.0671627412748494;1.11701734622787;1.00703083305401;1.0636175903036
0.590139099373672;-0.0867752419016948;0.804242782159276;0.877839932457438;1.00435494875209
0.590867516584053;-0.0455645489287448;0.923745236172659;1.11583847016065;0.971120439729229
0.226274695249683;0.150852095267591;0.941703882359749;1.13505770981872;1.06577583895659
0.407735927375383;0.160905761405222;0.909734954569727;0.937598372416995;0.993276232261515
0.253353006404756;0.181914775691301;0.968306318449566;1.02414707990635;1.11485656153135
0.438900891425092;0.152578350507507;1.03250979185164;0.915856281680925;0.956115790047367
0.666214139665696;0.0239519810488588;1.14520712278165;0.907854157214494;1.00449474577826
0.413682099998408;-0.0422118723744923;0.983500702759123;1.04884418477652;1.15587365006603
0.587042532947291;-0.0697801179589414;0.946380972838108;1.03718207930663;1.15575314828084
0.284045078257814;0.120552871559208;0.953810756694685;1.17320935107759;0.996677241422365
0.645898994733919;-0.00882183854068856;1.08595012438105;0.970178515786181;1.05591527725188
0.387864457244143;-0.019200800639167;0.975041788555108;1.10355023293632;1.1531979766441
0.577270122837124;0.0830720920702462;0.877220165566288;0.881724737554787;1.1207625276631
0.213413652322333;0.138582790512043;1.08168218036037;1.1734894812552;1.16288433086685
0.678068585610991;-0.0145407602014546;0.846646769377007;0.823247538188059;1.13870675263711
0.542656199006016;0.0325803414572512;0.922808030931084;0.871099128889015;1.19872143776127
0.602726540484807;0.126545724769034;0.955456920340634;0.803908748163906;1.15179443824918
0.456402509005193;0.0829728334428488;0.993259195414631;1.04919615986482;1.08974569762053
0.34701833670574;0.0110646051206447;1.14931727314148;1.05025796324603;0.879273907945523
0.656626252172333;-0.0415724726549036;0.947547801246814;0.848655847686162;0.987142996174113
0.448343981737809;0.100526320021709;0.826945095222831;0.988992831166795;0.828004817286
0.446744981831839;0.174042565256248;1.01232508255705;0.936294895922706;1.0861286876855
0.655995348617866;-0.00831392149284756;0.890673486699927;0.841359531976601;0.912753838642306
0.597762706713284;-0.0461917131844592;1.05253411795099;0.921276604955916;0.847740876695142
0.523206224141023;0.0903996287443258;1.19470894202872;0.931640265435367;1.10640864070943
0.564310144214002;-0.0524793387312451;1.12672437659921;0.962524136967063;1.02245622859752
0.337234480554631;0.141611693180517;1.10008065599489;1.01550564328129;1.10482088455414
0.46854986009906;0.0533191188728771;0.981511182294724;0.91047647792913;0.929281523357453
0.586407746082535;-0.0138729974350133;0.943596425911446;0.934363000094717;0.800779190947646
0.34905405178928;0.0117535415951544;1.05904423059327;1.1619238411759;1.19640611357226
0.422958834472818;0.191519561638289;0.907449991341018;0.870258973192756;0.962670391870023
0.689636859839345;-0.0132502622235083;0.989830093213114;0.836851959943589;1.04302555458559
0.378620402252636;0.0681906213131621;1.07819155715931;1.03832407591382;0.839852521984029
0.665996062905416;-0.0145728400808822;0.816637456778459;0.854097368673793;0.961987317474152
0.307519824078509;0.126040352077208;0.916138690386425;0.92613714297146;1.02357343521902
0.68002040599673;-0.0703504197479608;0.832127063751937;0.84486167497673;0.921682966203976
0.45922282340437;-0.0616056722873703;1.05478562141211;1.08623946631411;0.887095762828571
0.403872027649084;-0.0727224179669086;1.141558002209;1.04649304461542;0.964457550167643
0.433485675115187;0.0799153981754119;0.90712293839113;0.986776554437993;1.04592344656913
0.582244006969351;0.0944688322732308;0.901671246563271;0.80284075548388;1.14855169429711
0.565176143734954;0.0611934223569422;0.85609356402035;0.889497469901957;1.11673385636228
0.393733170453767;0.151137088813456;0.86460409484029;0.867312276889425;0.93333379961103
0.580815377127207;-0.0171299348320889;0.805284632748772;0.907165010665408;1.17127862436131
0.476516990640856;0.189209137251265;1.10415447286629;0.834461151365498;1.05688665221214
0.346823601026313;0.159546259142636;1.16636743849233;0.882429905547813;0.97516549434673
0.309657120272941;0.117931866335884;1.05991418360171;0.855072073495635;0.895270655345475
0.500453977146951;-0.0225491521702086;1.10284306853658;1.05900085909777;0.928561820578351
0.330485013598832;0.180395682278487;0.997680762143988;0.898606619610789;1.07458099960635
0.508690822163564;-0.0738814123791568;0.805583667330557;1.04787723727278;0.829644447064813
0.601107129154447;0.0630464262293305;1.08596997095789;0.924675122448056;1.06241352682775
0.207746061303633;0.102354806447546;0.951964503523614;1.19903016934611;0.858575067957414
0.406927403635144;0.0172144015393129;1.06101525464006;1.17619402764775;0.809438852676397
0.690218576379135;-0.013879880872624;1.08602306200897;0.815469763100761;1.03863344210536
0.231821079498853;0.140811189863995;1.11726012429742;1.13829088044286;0.849564696442378
0.490741220898725;0.144719793189549;1.07345360943193;0.934477709632505;0.817997298759227
0.297985041239813;0.154861622173799;1.1727909645884;1.04712675224331;1.16595184869319
0.486861343856246;-0.0853140711434359;0.954763201472725;1.12624820996889;0.925638651971347
0.377076519182752;0.128641552212777;0.996523910619435;1.09478599678946;0.922868613483392
0.637817010339287;-0.0802742649201994;0.803326036458798;1.04250601496072;1.18430573791356
0.55984756106761;0.0356586704087115;0.917055194936335;1.01783822104549;1.15224660222079
0.568292611243875;0.0565818838052655;1.04681081481352;0.939046356863863;1.14403079389151
0.625035610121616;-0.0340711096177571;1.13425968557568;0.899971532607597;0.95766381708347
0.698245501182976;-0.0969968117763367;1.00495052853444;0.812239831307117;1.10086738039078
0.603820273310019;0.0684635874602822;0.944929771885867;0.819749979990507;0.929826420139321
0.499780079892035;-0.0644743873314373;0.894867226580031;1.13321308097874;0.94395575573074
0.249346617484485;0.112487183003547;1.06733926895403;1.15571992852191;1.17420809374238
0.476579843682437;0.0294621498464792;0.897572630041668;0.915895026817741;1.14701388646978
0.415205500634771;0.0813036461244037;1.04862408630439;0.974216444967925;1.15529421371755
0.318058906113863;0.123570464460892;1.09933498741835;0.942347112843181;0.949129739644858
0.462060476753226;0.151362860377545;1.19211106998149;0.923320817776327;0.899622604106062
0.391043156434675;-0.0403403440814433;1.07565050794222;1.04283196886008;0.86485154377747
0.616822715781733;0.165815362804471;1.07460861260365;0.91956504048688;1.18281912625034
0.682989963293688;-0.0990307393105113;1.15426338332239;0.965101908267947;0.908433576210778
0.501383257546113;0.162230566862295;0.933811288098995;0.885704807628021;0.917754406629923
0.630888187432627;0.101529547774078;0.801423041287716;0.835326666106202;0.998499510273739
0.332812557319789;0.166707595674204;0.844680188885439;0.907782992129705;1.11090376433156
0.69686718898182;-0.0869858667417263;1.16439541504864;0.827724053418842;1.19208596334684
0.519586086523575;-0.0422827649643173;1.07906243934692;1.07716756109017;1.16804297696024
0.53495205105711;-0.0418815828997509;0.823776340266544;1.02658103475848;0.972585485289994
0.218510486097499;-0.0151472050650998;1.16299620612967;1.19851859262333;1.00604508982011
0.47865740552021;-0.0103280550978578;0.870434602066651;1.10134550267432;1.00686318371334
0.407410844669573;0.114247218170127;0.803160821655615;0.857796644531454;1.11172942291233
0.48982648555915;0.120994191277427;1.1842549615672;0.858081608442513;1.0392161558355
0.691960110685339;-0.0479927108053978;1.04008864323025;0.818233346347122;1.02051507640327
0.671120887101491;0.0852836613404665;0.998745661816709;0.865662288987797;0.863271194405831
0.699876233341363;-0.0977760752778262;0.978435084819356;0.803248630484558;1.13172405751964
0.249845584539498;0.185203286100649;1.10035373242252;1.1797086574447;0.907433074146594
0.401700209318591;0.126557192228918;0.859820466961081;0.93203039596175;0.849093914965038
0.630607958710417;-0.0713688322767788;0.953081931084406;0.875441397009016;1.07707405073261
0.271359244994824;0.167818188100716;0.864786448075833;1.03725337326395;0.83542553260737
0.205059759463189;0.174076521819019;0.964949361748615;1.14878284900492;1.14029793470275
0.632550884000111;0.00816112400681877;1.1008956930433;0.863299230226515;0.808933501377561
0.44705071775007;0.136096761229527;1.13281665291172;0.969307289181019;1.09621855679539
0.272474583946702;-0.00869557134716234;0.968557097013295;1.06904899986053;0.989866408941307
0.329763412784923;0.173123787366139;1.13827334319868;0.956083488609063;0.805819218843809
0.560520222394477;-0.0976951206698216;1.17563420161166;1.19266726441278;0.976590980851337
0.226865882096413;0.0609144690324945;1.02740358637955;1.18199340677518;1.05307814321633
0.218153880615609;-0.00165679924727563;1.14711260847303;1.19800744112692;1.1714099498408
0.354696140487045;0.162843605921036;0.80123281927807;0.971949426020098;0.965634675787137
0.399817926556226;0.13194305609136;1.08375413232286;1.02886339787994;1.11932488502246
0.529443657674477;0.0301555559147019;1.12852104704309;1.04670835914517;0.923679556087081
0.207117050857779;-0.00579858389509194;0.844425526844346;1.19725805973787;0.928767468665825
0.601144169939499;0.118049570605524;0.917761040162421;0.833515056836649;1.09775693524698
0.23484446245761;0.196563049016707;1.13272392869471;1.12623119774;0.813047345499062
0.461236870500754;0.101716876430621;1.06028655841248;0.993736188152166;1.1307334754242
0.201284903610142;0.191857205559627;1.12237426235784;1.18188112768381;0.896056378659351
0.310331405368605;0.197035360698089;1.14045465760926;0.919403377713651;1.06092900771864
0.656367865441311;-0.0631475791397743;1.12821303124111;0.92144226980186;0.807654727192476
0.473480098025167;0.14966594043374;1.02222984341211;0.921146024846917;1.04128557499281
0.481502036261119;-0.0109585425046831;0.886383524592988;1.08607705223229;0.920938048061148
0.206466206511983;0.19335209200053;1.09457065232315;1.15997337933475;0.809419028171944
0.330233454897855;0.100904638445186;0.848961833770405;0.826933125385603;0.85582694653595
0.456389575341871;0.0694392472756929;0.943522859284842;0.921962038162544;0.863243524983738
0.656183577964828;-0.0987878484898801;1.07322393557006;0.946338544172596;0.943521548663742
0.634308804621284;0.0251705791798631;1.19903503636184;0.909413394833464;1.05480541555953
0.595935953467038;0.104961973794378;0.916681198629342;0.809783347745906;0.871632479374095
0.679438662975611;-0.0598677804363265;1.05374662441304;0.850813567089243;0.839687302180197
0.234067153163127;-0.0313249689028452;1.15336309541594;1.19411222313253;1.19097058517984
0.686702768950824;-0.0887707803379877;0.964366539024608;0.830904105149485;0.824172626592585
0.654317153760496;-0.058249022391775;1.14168787210569;0.874063642178486;1.1852379297113
0.599374978993487;0.0328638226550621;0.963543857279726;0.874823485433697;1.11945777522379
0.386977497252313;0.151568284087486;1.0783768619953;1.03559078242114;0.957011514367757
0.275574449016852;0.0505288446125263;1.09589245345628;1.07772044100354;1.0604674265069
0.327462019064519;0.0830162422024438;0.975184988736023;1.17405984517392;0.854263325469085
0.23216136762837;0.116589099744561;0.915564238838548;1.14925298819928;1.15863640916225
0.586878198150957;0.0939491571144298;0.921058142907333;0.843039704060066;0.815368120311835
0.21905197222232;0.0792319034110191;1.04929186743219;1.19758407985494;1.07848376249342
0.229665587037351;0.129601455008659;0.965738405690925;1.13306811789774;1.00068204455683
0.635161334719851;0.00360156934887401;1.00845650696436;0.904024661317825;1.07719228369772
0.601860949660652;-0.0319580640331295;0.970964394040901;0.90075853753315;0.924539795838154
0.354843569424506;0.173097255679938;0.902398672067949;0.967219587585535;0.946395445489764
0.264744301005122;0.102026786273354;0.859759705031902;1.07700618353621;1.09136810048354
0.389809942261169;-0.0430290911911127;0.997576787996358;1.11723675643182;0.885690398466557
0.561972701064929;-0.097332302339695;1.11776013540315;1.16432812758529;0.912071607383646
0.285852415972709;0.0837591739692435;1.15599974497138;1.12195074763577;0.907772764641288
0.575212003838908;0.0864309365417397;1.07971916219367;0.844694561179995;0.988759766056538
0.697362150655127;-0.0331385401849636;0.960727132284466;0.806002087061309;0.954355163847061
0.31749811600055;0.173142774926935;0.838450156691628;1.01420013562584;0.841442318956887
0.319369467727343;0.0839223093394726;0.953443884437456;1.11302104304157;0.844695658812039
0.226143195797433;0.131095129774739;1.19140551955085;1.14240953935261;0.965051335026577
0.220079936114002;0.195436063186322;0.957384613920054;1.11831170031159;0.929845721934361
0.237281867294418;0.0889570079668067;0.871977619800298;1.1905731635333;1.1461094377277
0.542015151903654;0.0759742177054525;0.999182376905306;0.919613628403275;0.943236613655359
0.545910522285783;-0.0226969407337679;0.857880059389109;0.963893275971192;1.14983828697684
0.400893451906776;-0.0969098129640667;0.947620176136545;1.12815109374053;0.906705326059799
0.206225783840709;0.199362962842908;1.0498120597823;1.00228353744982;1.08274478011833
0.268869566935989;0.0568252142701245;0.948711021798239;1.0935196543497;0.889624779827954
0.590677062665479;0.0608240258402495;0.824765222423346;0.867273853004395;0.898123654255652
0.659275812767294;-0.051367158180333;1.1159667999181;0.820272777745971;1.0063106630492
0.558226090298651;0.150179125604665;0.872622372770335;0.810525037151184;0.961727786544634
0.317828141044595;0.146625466808971;0.864762997768154;1.04780890610013;1.05918330252888
0.567589401421372;0.019294911054594;0.917992784448117;0.930371735108401;1.00475420518618
0.294565213248386;0.188910181569146;1.03195385834572;1.07376572606006;0.875487321369791
0.392779934014026;0.179263767282651;1.18754749637166;0.883803540050737;0.927665113174089
0.643107759161146;0.111720335850201;1.14372839173128;0.827240512834674;0.89847296807527
0.261623425881344;0.166666100533271;1.06284610863812;1.08809848041598;1.01204295997248
0.34627286319473;0.171882576880969;1.0690409062196;0.850134484549273;0.934392537588053
0.37579126785932;0.128663342836471;1.11489786431198;1.07264855680157;0.928647763686359
0.28450521540172;-0.0347762538390027;1.18557907894554;1.13128517843644;0.837867751876926
0.585443411193672;0.0881502154825799;0.904073824385286;0.882388110164171;1.183268300078
0.450163376197447;0.111484081907217;0.853901850267199;0.88613712594643;1.09063608926643
0.562671867958561;0.0376958386149458;1.17555119648029;0.930809990025127;0.910939680608006
0.46065207813771;-0.0207447335812783;0.907071079812384;1.08434918649762;1.10240990505942
0.606436482323286;0.0280579491087252;1.03727174193018;0.863072378270643;1.04393685243889
0.454600901236657;0.139451208287842;0.881521636771533;1.00413346302203;1.08549902497624
0.571066302893998;-0.034293341103478;1.13595627646933;0.963692383590931;1.1861218082748
0.683711519752898;-0.0855946624058298;1.02705229665458;0.904350755839161;1.00106048155876
0.616407986580287;0.0847008820673736;0.872726750303434;0.834000029524714;1.0431906501682
0.460769313959118;0.138019747313721;1.06396546524495;0.987962660945517;1.10409146582915
0.355585959293885;0.150079996905868;1.05940158206131;1.04736799916592;0.847463045584056
0.403183604217402;0.0268402961995987;0.907300832394858;0.858663431048191;0.800480117778901
0.411503183585686;0.00506916957967762;1.02015819972487;1.06703720607608;0.958045695443462
0.675954088304137;-0.0951222318040414;0.879498135883576;0.948561526449299;0.848804056212917
0.649004403875686;-0.0572084502133195;1.19977034188484;0.91896306639639;0.96162712795133
0.529445711696879;0.0125726790178867;0.801871503783881;0.860058764654335;1.14128346154836
0.492679143372704;-0.0216778590275506;0.8988901035096;0.887608323059164;1.19446328967823
0.278223281647216;0.169422820586699;0.860457895709579;1.19092517520698;1.14040396284292
0.59832494766877;-0.0509217366607666;1.15087670466089;0.832324336522609;1.03607155048866
0.498333820372885;-0.0819388274121816;0.844699796728381;1.11521701368131;1.01580319193388
0.642111810935369;0.0384669463765064;1.19480653738357;0.974096868613882;1.18830609442745
0.524595935521524;0.131256108751108;0.866099470310992;0.891119406312262;0.944256452593711
0.236943651756564;-0.059228118689539;1.14950057714188;1.16683631623929;1.13238579287245
0.593466518387206;-0.0766845999334759;1.18747279086137;1.12111853323281;1.07884123526059
0.329787068951578;0.128960916914144;1.14090273109648;0.993908602269719;0.822871502156193
0.33922944542457;-0.00398796817981856;1.03009620114507;1.12737438132237;1.12932686988319
0.261732077734312;0.109705229362716;1.07434960314575;1.15052934935284;0.895523295776583
0.480904213730525;-0.0428222192535586;0.951324445953782;1.05081410150876;1.10887757906734
0.415453174909308;-0.000875480712018747;0.842840837521579;1.01507273551501;0.854326646776702
0.236506724976162;0.199735129323215;0.80325684709412;0.964176043514498;0.9471618375396
0.472187288766142;0.186968109189213;1.19879567530857;0.827470117794523;1.12552925727866
0.56398325858041;0.161749487077577;0.800268234217056;0.860121804408208;1.13929424779491
0.21228406505792;0.191804789396089;1.04301403889215;1.07336430876818;0.931024760933954
0.32562661053396;-0.0336113613312775;1.08705834210611;1.13550521915883;1.14901571511473
0.409992131983759;0.0140601895354399;1.0424447790163;0.918046814245084;0.921202965610566
0.607559078252563;-0.0184105422590689;1.01101936595912;0.893555844006213;0.878251377940768
0.258514869542178;0.198945691317761;1.04159545684451;1.11154296900206;0.801867607838328
0.209572155353904;0.185771512146434;0.855607111606695;1.07949302687005;1.17981539562774
0.268457246977753;0.161007107597602;0.967150265686534;0.999223910786971;0.975426193372124
0.401341599704951;0.077763780550503;0.892903499587084;1.18583331861834;0.803316244461058
0.582504901317572;0.165054995129598;1.02196095731273;0.826141946003475;1.06558926056811
0.344212042995584;0.133711903394683;1.17141960343376;0.938019903363286;0.804346093571778
0.540988037644913;0.110583692005471;0.961990686908028;0.858008007318251;1.1026159811518
0.328551356961543;-0.0310388820899149;0.891841768007114;1.15294665321644;1.03518008434508
0.255333478673521;0.16527782701424;0.811559584242267;0.990624635804318;1.12611056297248
0.270082327289493;0.00650237070474279;0.982389746263486;1.18898822369201;0.895545120905651
0.23012686706718;0.0266794206432055;1.17663477364934;1.13444384792324;0.977290069336753
0.381901448514559;-0.0069688405442928;1.11638026115019;1.05861547071229;1.02317620182563
0.468867150559841;0.0699787085450864;1.00487054181219;0.93155148131898;1.01561195181534
0.367048814697782;0.189685016757956;1.15908182499376;0.92699217370969;0.878419419616064
0.447508571609699;0.191694823213868;1.03707680597109;0.880805350908756;1.18290878626216
0.204741678092222;0.193480023301539;1.0397765313436;1.1339702211498;1.15384051778459
0.338072898311003;0.0576200528949856;0.952825782888517;1.0532751702719;1.02163657081542
0.345625420597999;0.15021405580361;0.905237769542821;0.98194258601338;1.09044372201242
0.651852902799583;-0.0865743776438699;0.856714447619577;0.865679752031059;1.18189518309012
0.382797073370407;0.171711008589351;0.898671628092601;0.892816537688713;0.896415955884293
0.425451249668802;0.110869188075978;1.1488192947329;0.890140645166968;1.15993406063098
0.202756391883657;0.063024676611656;1.04462545949698;1.19301002444541;0.889874976918233
0.642486244742001;-0.0995533996818795;0.924868068643331;1.10624883953608;1.01354346751645
0.259006599287114;0.0757367463906866;1.04936687186379;1.16366670840655;0.867421892507648
0.675970088461545;-0.0430965293975816;1.08779364944294;0.825352150472659;1.07847855968231
0.648579403099707;0.0719966520000196;0.950925532483547;0.986718739995755;1.15965215414683
0.34351440858431;0.079218729008735;0.964684455135644;1.02296282242057;1.04156159447302
0.485079515646378;0.00321642915383907;1.0780741324059;0.983458300812373;1.18406085017666
0.581821032581858;0.192246248884963;0.924295337867074;0.801671888096634;0.974367605724841
0.565945721005477;0.132023439485561;1.10094316368443;0.889308123231769;0.8711245210417
0.26473384933928;0.0728751499098362;0.888375761496125;1.15954411350307;0.953183966134634
0.28577062549934;0.0679872102683893;0.802296060685064;1.08474863442329;1.0328060872902
0.456636163216986;0.106977977469382;1.12018902470254;1.04802811884817;1.197221845828
0.30107410102332;-0.0610618384090262;0.974451341378346;1.18486218239112;1.1256713152347
0.438397056296117;-0.034795248262276;1.12970971138789;0.9848755201293;0.839932243555244
0.522769268661746;-0.0873194511818231;1.1679065728084;0.922758298458294;0.805183288467323
0.338882494250315;0.149210755687407;0.958431451824208;1.06243220329645;1.04935527614264
0.538542377001392;0.0821657461499685;0.873732679426721;0.897534791584334;0.895542200952416
0.597176521860493;-0.0354812881873587;1.0000599705102;0.838473251168614;1.01566938634605
0.291255003800953;-0.0382761667280441;1.09074608575466;1.09137387205467;0.978265579696016
0.680214182549835;-0.0736005404212628;0.896825799285819;0.819688743033228;0.885692532463542
0.237161299839686;0.135558724094618;0.889507850610735;1.14755902290289;0.90132027949121
0.56609501440272;0.0702895303940965;1.0934164545586;0.819728474426315;0.960864447329078
0.639755826538283;0.0158482441963422;1.16117248910771;0.84958653922089;0.941476614567415
0.259043347715623;0.193154563316897;1.15678618542243;0.943668385754305;1.01602325591899
0.381934632134567;-0.0319440049885924;1.13004465868374;1.13328217187302;0.85636682119744
0.400335451450758;-0.0136001847597408;1.03459745869921;0.977309533446394;1.04489339230547
0.416247750334273;0.086245490273304;1.08710108576903;0.935833772034759;0.960794480885639
0.637408977254164;-0.0858336024223934;1.09359391997801;1.01479645801695;0.837054277600558
0.520937027279561;-0.0754826051693169;0.974816798940147;1.12681737299988;1.00333149929069
0.58312955797748;-0.0420167267483814;1.02355726158413;1.00324126362738;0.963659919531916
0.509398282527714;0.0277147635914518;0.829822791558323;0.922609111003713;1.07504150230514
0.459166582974572;-0.000487869899405968;1.08696418261973;1.0147690864664;1.10509547467245
0.2531157186095;0.152469550656073;1.08990123010401;1.09341311036989;0.916009677131207
0.681097416365291;0.0341479923663272;1.06953855539619;0.879003510093197;0.922018773239444
0.496729513544111;-0.0333767693057377;0.921647001289186;1.05160096744478;1.14973948192971
0.53082000723079;-0.0103102000948266;1.06077541365672;0.994084994950622;0.919768823884913
0.287224732288282;0.185174964582404;0.998176439592623;1.05442282834783;1.19022496093776
0.288348438806108;0.113111704991976;0.889601524026588;1.12072885038296;0.926269270280562
0.622026921711259;0.043112722115742;0.885256227639822;0.905792796185177;0.964207710579848
0.408597613348426;0.127236210330316;0.822479114603694;1.08334397603873;1.12473833536794
0.379073738183567;0.198613125743222;0.945876951875874;0.843788036174052;0.829600781273146
0.328171371079842;0.150287306754303;1.11919932670427;1.08393890904427;0.992405706984122
0.537593333773136;0.00676290241524877;0.955792331958896;0.949582960045848;1.16121967470429
0.392709311083431;0.140913726915765;0.894123852809853;1.04210261031799;0.831643120128322
0.667655584112214;-0.0911457747263669;1.01312497028785;0.895958363153973;0.932207398926111
0.215990180604115;0.151371398436642;0.982941934155263;1.18926566449248;1.14601040798669
0.38333611297303;-0.00975820633345854;1.06615895097868;1.14847526534233;1.07425542810533
0.590204815708123;-0.0533825640989703;1.04223041216106;1.06550174249944;1.14027607620977
0.367731287124396;-0.0519982546985951;1.18848132949824;1.11078458362362;1.05617994459405
0.485548011126949;-0.0403237315028283;0.836471654484986;1.02885799970799;1.07013343598063
0.362815246317087;0.014217570232846;1.15456481435374;1.00497501571539;0.865612239676199
0.329727838913854;-0.0730301322953409;0.883564832609461;1.19147008719354;0.940632333805242
0.371035215835779;0.142547921845385;0.922621378968632;0.946092771207969;0.84746948572678
0.360131155329072;0.054892466201973;0.977804832349808;1.14882750850155;0.907813784663469
0.61477602729078;0.0724767768748416;1.09303675606145;0.821000482053863;0.901284866505047
0.626899863223618;-0.0767816465426136;1.05301415193204;1.0429235622569;0.851670953948797
0.399544279900506;0.165303624526915;1.08704103046541;0.879421787675268;1.17722905311711
0.391905321824039;0.064180152641807;0.803014817597853;0.942171420838795;1.16590072322063
0.611609193513394;-0.0880779950709259;0.942559297880505;0.961001173822431;1.00083457402092
0.580323487830393;-0.0165244666207545;1.13545608457984;0.863034996678333;1.11125450287101
0.551556534758461;-0.0280624179031738;0.823971433407506;0.955615134678467;1.12272463659906
0.657945269723978;-0.0435147269010072;0.86574227098856;0.983839235766743;0.809175548490655
0.684959302164407;-0.0236896178958149;1.01022351549577;0.852035893721742;1.07083016832703
0.583007385014907;-0.0988782293046996;0.927221928646563;1.16795414535862;1.00750620908214
0.511370930901888;0.119783673701129;0.943887075086632;0.97769734589946;0.875060204235452
0.325501155346446;0.190334641523316;1.09343593334684;0.992268595023711;0.858784279135538
0.649400948767416;0.149899838415547;0.879221612739719;0.833859300970761;1.0553809647375
0.581896591571284;-0.012619785765625;0.841287547137331;0.91127906004359;0.895147261679291
0.271646365142904;0.0888605376639986;0.869685919448476;1.12250471430007;1.11234192211463
0.310680822474398;-0.0203410019680109;1.10636879912808;1.17672893395832;0.967032165728127
0.624968103533422;0.0877352677980009;0.925910784980873;0.898256015677059;1.10044388663171
0.259207729008207;-0.0321659489504354;1.030071781325;1.15157078821341;1.18050421146245
0.627743614286464;0.00238010591161825;1.07108277069688;0.875508754696705;0.970521930995806
0.415303674698931;-0.0139461841922883;1.13979558812664;1.16167047551708;0.823862623503095
0.406994547912373;0.0591594922053948;0.948690850275299;1.08299909419226;0.969138697731723
0.694424039661107;-0.074748436963361;0.890205219396238;0.807087038369195;0.821272825434773
0.311405305969232;0.0348846477625906;0.946395610522047;1.13891943369537;0.909992321154581
0.510931190019081;-0.025745380031226;1.00346086912372;0.896316435066541;1.06566963198244
0.309992147735767;0.19590058285589;1.11752220575344;0.877622279640797;1.11556520322382
0.494790342052028;-0.0510567172891655;0.965201499788544;0.993042623358643;0.802803072353525
0.536950766009166;-0.0277404861641503;0.888074652411595;0.888901448438886;1.15843284756753
0.209998825134782;-0.0334896537349901;0.900953558790411;1.19965837756882;0.956783383453133
0.641023755487784;0.0412398880061742;1.02931559987624;0.883162120555913;0.839423956726799
0.673277874260204;-0.0267251756930627;0.805660694170338;0.806777505068657;1.1031255522558
0.432658277173;0.0279017791299731;1.00981620304265;0.960748113048133;1.11300838708903
0.61395868991114;0.0302502466242877;0.840707322381012;0.837380002303374;1.02761909078657
0.253914487585994;0.0183904793471445;0.84378994093459;1.1648314930463;1.17885402306684
0.275554408396829;0.101734394058044;1.12797211390265;0.902429359874403;0.854001403371161
0.407869602887541;0.0807989606741873;0.803743867494614;0.93924110603161;1.06307694665077
0.39914586314767;0.0336911229052652;0.863051497838336;0.980620649705573;0.804029334727111
0.311897405306742;0.0201996990851622;0.858901318635611;1.13094180124677;1.10823443360473
0.390733480682323;0.12624329939773;0.999751021311219;1.00771295058901;1.13234463567309
0.675520062725426;0.0354275387482014;1.13118838808472;0.875825728553805;1.17077183404921
0.410402084499223;0.109396413923889;0.866066053702302;1.06346701679579;0.984457823951366
0.638993441966501;0.00806085005369643;1.04527365061727;0.840676296181162;1.13823995815027
0.669276482139729;-0.0947851073759202;1.14276149579282;1.02969134385558;0.831094618402877
0.494085711683271;0.0146818500505237;1.04651786386578;1.1031819511634;1.1649592583928
0.640109897986133;0.0209371220233949;1.15605730797973;1.05309312274727;1.16248462099914
0.420601332699183;0.0878414178168175;0.883279446190726;1.05211252837459;1.17617087255331
0.287350007009054;0.11423594671596;0.83399921735611;1.03001175907077;0.945695784200116
0.453317847075408;0.134411126645241;1.18043348684359;0.952533822324374;0.858381070615302
0.301829707368044;0.120554791930549;1.09950022963974;1.00958529186305;1.1329487304399
0.576845312110039;0.176309333632014;1.02021524292458;0.873542622043961;0.818301956873879
0.242794602815003;0.195970277146268;0.805858856320076;1.06550740280459;1.13849003331995
0.286219318230324;-0.0176320763480215;1.16737938560857;1.13828085015309;1.17350630683583
0.304822425886409;0.0837468257938951;0.991021974769561;1.04935966093094;1.01357853264539
0.662271555947665;0.102846239014838;0.975113444854018;0.82813299084096;1.02065205030872
0.554808656335286;0.0755267704820648;0.838285811082397;0.863404265991253;1.19025568648684
0.280025700934655;0.159090423889466;0.883551189429237;1.01696007168378;0.81842160114523
0.203174267966684;0.146859801056598;1.11309117422378;1.18385212768716;0.85934115001202
0.27184341875421;0.142310198639495;1.09751847786724;1.01338249641581;1.12657544023783
0.429032329044065;-0.00106588837984199;0.912575193744161;1.0597998372358;0.969763290776801
0.699236737804191;-0.0723043223512117;0.85655062073085;0.812351795176794;1.17305018076057
0.518989417294478;0.1404829142776;1.15846443155975;0.835252261423048;0.86435145957674
0.425740712566656;0.00904966905056227;1.10742847760159;0.966796582931762;1.08805866550101
0.295548658292422;0.152797680167359;1.03416939067283;0.919093446852855;1.06725668654313
0.212706876936138;0.137085455631397;1.18394859020093;1.1951605774711;0.957634090172912
0.56675134700211;-0.010687464187636;1.15822323964435;1.05418485161027;0.849281051451339
0.325575790473359;0.00964221134556323;0.810806764434924;1.03858375447384;1.09768543317067
0.238880939006254;0.0401853219739386;0.910444457871771;1.0007488718735;1.14268023816229
0.471063944743969;-0.0701734963569102;1.18111991100009;1.13361758459091;1.14003603679093
0.506186994536908;0.0801544372619895;0.980930924522749;0.877686609181454;1.12081989176799
0.412083558949063;0.185153489047153;0.824320468446461;0.841577658558984;1.16929952675862
0.513990854351074;-0.0420308440278978;1.14302190992985;1.02029468837888;0.993216231588182
0.253652293415869;0.189216977244123;1.15400961390697;0.973017101668874;1.05048037501082
0.32305090274036;0.149117090420449;0.918492403989989;0.984722601712369;0.865616239999157
0.467162849654586;0.151399613945713;0.866760691374952;0.925413769942141;0.940434230035498
0.650745099912466;-0.0832326185603715;0.849242174528649;0.883150013677604;1.15982192560988
0.359875763562529;0.0470671999546105;1.10441428455205;1.04489435057133;1.01972708055026
0.657331587391644;0.000865289157012838;1.05647359287316;0.852385420743511;0.890982169855502
0.361129156448019;0.141153381136215;1.02282014127307;1.05783387346419;1.10815392107809
0.535268106144144;-0.0708092823183897;0.94094833197918;1.06527214977101;1.11748986458082
0.239501746006263;0.0193502568132792;0.902479017961009;1.17832402977965;0.935960900952931
0.625321021408968;-0.0945805011431124;0.877460075434949;0.992513972889625;1.15801300581141
0.696913157631611;-0.0832302491613745;0.87189718767139;0.898924345270631;1.12071571419101
0.223358376751289;-0.00776364685040208;1.13203760199064;1.19719755842714;1.19046249490495
0.247584619848228;0.0887350375446245;0.859158972407186;1.13084750352842;0.868339015760435
0.468309160310936;0.0607420171893039;1.04635931777518;0.917632682411954;0.965138311408626
0.275129049103062;0.134546956770277;1.02564657214862;1.16969743972588;0.864264513657101
0.638304406813869;-0.0807574547840109;1.15583043429192;0.881476913176616;0.838075083780229
0.213522882936296;0.178878750715023;1.03785036807313;1.11283005456371;0.978703581818362
0.386073014161271;0.181598550603291;1.03025060390667;0.907569226971969;1.15144514816099
0.395545437098969;0.0987638752911052;1.17985738985717;0.996770080680991;1.10262644383894
0.265387133356211;0.127100054188212;1.05213879117975;1.16097870636891;0.832050287379004
0.365683548167823;-0.0539680990152293;1.13139175525638;1.16397467414093;1.07251732096466
0.271824846245895;0.15059960960369;0.81842208472689;1.00835323418236;1.09168438535621
0.303107836233118;0.0838109480305542;1.02578212684091;1.06701959689144;0.914946081138097
0.58125926308946;0.108840922392236;1.17657113977361;0.814289888122939;1.02553595282398
0.601439812292019;-0.0302380841413554;0.96055866569053;0.934530966153608;1.08420483486617
0.229733742651298;0.171153640181826;1.0598192779798;1.16271780743307;1.09358521794295
0.361359410883973;-0.00223749278145433;0.898417759239145;1.12577140132924;1.11071420422602
0.557146689419941;0.103380362090946;0.930526397204731;0.906754822441085;0.992211699570951
0.335690373202915;0.140767528114243;0.867457321287578;1.1171590185542;0.960071596017303
0.202613974717405;0.0421980863684214;1.10694852553763;1.199604467087;1.13685398425699
0.492278721397017;-0.0768600067926993;1.05436274495649;1.14099339675784;0.941350920642658
0.400609998764518;0.0869137029625391;0.916742855017254;1.16301864846734;0.977526697458181
0.472067450289554;-0.0121874038525297;0.923627582081256;1.15203279315283;1.02489057148923
0.538253240210862;0.12676825017175;1.07196471712341;0.967423783176856;1.05588182713694
0.588342927053834;0.0376773115620207;0.890227655653671;0.819625721043742;1.03891881315294
0.406289567984593;0.115945365260642;1.08624682099504;1.05102089044526;1.00693067943849
0.645616899453859;-0.0944051246711227;0.909429400258633;0.934528415020739;0.883840710277335
0.269803186942587;0.177033818291592;0.851828867763638;1.08755202950874;0.876369251947934
0.406496777103134;0.145986990379834;0.925874914129775;1.09705920655418;1.15862148851659
0.690485450672662;0.00395151085433058;1.19936208853041;0.843714347594459;1.0235895527434
0.221084203451473;0.195225409300333;1.05997623115516;1.1571609093809;1.01660768940376
0.325521543269009;-0.0328740870107306;1.00539568453282;1.07789227028014;0.843678907762921
0.303077293061445;0.0920041665821457;0.905898696001921;1.14354791622349;1.10913594066049
0.33493994940503;0.133402593894075;0.928763071900306;1.1413786815094;1.19410965839527
0.259210412260726;0.195797010014501;1.05015631356776;1.07358335832944;1.01229377952019
0.601330963368087;-0.0280340238803412;1.11196538725063;0.846964225667568;1.07272103374385
0.350960878919581;-0.00115939090612754;1.16804385023494;1.09888660850313;0.83484791269796
0.633826382787745;-0.00710337073216902;0.89450920962327;0.868733657668176;1.01550448132331
0.366638410221922;0.0153087568157529;0.967862828455088;1.07442252192659;1.1045969808176
0.215724915246873;-0.00977257103579401;0.983283790481915;1.09634409081311;1.06215326015307
0.338612239108757;0.0222450485844336;0.935918581040481;1.13683131913725;1.00021051281381
0.510747602936782;0.10095124281569;1.06558155154202;0.981333479933712;0.815022896624641
0.500064511209821;0.0324084259829316;0.99917236289649;0.959047826384791;1.1132346172005
0.582734774239084;0.027734963326019;0.944608107210506;0.912427417593268;0.887699788759857
0.217134066096623;0.0795749945816744;0.912695448779875;1.15435616380032;1.0260956561473
0.667448735572313;-0.0595725806327935;1.11797196763423;0.907979935150027;0.935760860177294
0.65839349315906;-0.0235114783521494;1.17677951301447;0.857928926191925;1.10711897340599
0.327191926684086;-0.0121608046591525;0.896504392137179;0.905069198630007;1.19567773622729
0.508982678639563;-0.0755079018000485;0.813061866935961;1.02881310638893;1.08686680942869
0.474190965667956;0.027829817445312;1.19355569635463;0.954186796617111;0.904695231098954
0.552508501730173;0.0706230846690509;1.07852991719086;0.904537969709424;1.0641400014247
0.311162959345968;0.032296086326593;1.02846314745037;1.11176769150963;1.16675628654264
0.694350336097338;-0.05585950963625;0.901029889418073;0.818784874258606;1.02006017646064
0.346877181467535;0.133534721005965;0.917914694033926;0.961477848666364;0.959155605781994
0.286697270767404;0.183871665917731;1.14462102847355;1.10500683402712;1.03179539283025
0.417719137265971;0.10260646101909;1.16485339161829;0.973443234736083;1.11458421524523
0.47312854279907;0.116421202640152;1.04452438896575;0.910964032560884;1.07002680111023
0.215321168271224;0.141022235072261;1.02367826620247;1.13442723921596;0.95313907360155
0.648519064443937;-0.0537806001795735;1.06609399572484;0.874288549121841;0.918144362195352
0.646946792126386;0.0193076822036651;1.07721308925833;0.870652561830344;1.02686924552729
0.334190292513868;0.193037137582931;1.05344191118679;0.912469534520682;0.940219120553814
0.473494770337469;-0.0314261194602057;0.823132707495372;0.866815492656008;0.94544583482297
0.211641171417911;-0.000491643058508143;0.842711927321527;1.19815985527075;1.04924396993679
0.599349974944571;0.15738582683385;1.19628969707209;0.857192705951473;0.865059048492513
0.524179540867603;-0.0370481653876482;0.836440492517596;0.938653975720169;0.890093922423335
0.415726996664255;0.0659615501066038;1.17220176387229;0.847093998056714;0.80271431996676
0.369888739993747;0.0510100037368882;0.942702495033057;0.963578941690986;0.830655502896117
0.259389286742095;0.104015997412849;0.824350854654651;1.19141039649685;0.802845384766404
0.5053037518183;0.169100491247435;1.01736992419546;0.947270041997297;1.05570720165272
0.228846448348637;0.182094018194024;0.981041088857083;1.09886046265496;0.949233759270889
0.579309749622489;0.0254293795965218;1.14613468553458;0.92300891708176;1.04095224934279
0.628683502928419;0.0274160239417209;1.01024461056627;0.919229420546504;1.0022969375851
0.277802185410137;-0.0675359842186279;0.938758792433378;1.19609242034108;0.905535797069709
0.534589923499085;-0.00255472802843169;0.814327004282812;1.00983417574391;1.19795166336942
0.274390931125622;-0.0374526606998403;1.08393918269695;1.12158017537237;0.907827107353431
0.470913868825059;0.0974031878444892;1.11422467802951;1.13981869733096;0.895792346754763
0.432587546820138;0.0515570100138912;1.15396552830221;0.960401607810894;0.909358675209466
0.462018683363522;-0.067742724069364;1.11909027333043;1.08759624387304;0.966683450327363
0.589050024868182;-0.0458459189614693;1.15402504629433;0.934435631519241;0.967299139131137
0.373554089109516;0.131300860503835;1.14233960663997;0.960568912002607;1.05812687189455
0.442790136686791;0.0779892039637221;1.10991759056614;0.927219525346018;1.11945512886053
0.304130993634625;0.140185350886254;1.15994104432416;1.01169142246666;0.968967055102481
0.500395512219421;0.0987609343019409;1.00593150537975;0.880372702600045;0.944212101285881
0.662249302675371;-0.0260511162700908;0.919936910672806;0.896019232971085;0.929393308285846
0.483769576738255;0.0406644456758795;0.930958825271772;1.00623067325585;0.819751303283877
0.234195260451116;0.0801492310641828;0.893166761766676;1.15081456424338;1.1248407929899
0.539354087130622;0.00491249737777617;1.18481818570426;0.913615433776648;1.12095544070934
0.413963056737009;0.0132274720146677;1.04998846174106;1.00307387781146;1.14868175367892
0.51564463525299;-0.0286345654505987;1.01517915608315;1.09972659633591;1.07041742817048
0.527033926295632;0.0645060275113497;0.846170700746927;0.935770989253149;1.03723727738826
0.317089012193324;0.15347785262637;0.838115865845918;1.09954575412332;1.02811685977178
0.542586123249291;0.0172573628149781;1.06610812847357;0.91390881492029;0.888569506173154
0.335437520903671;-0.0264386902696771;1.06021329123581;1.06720554782074;1.05434343037691
0.636288425513381;-0.0331183266694977;0.839065865637296;1.03234556037042;1.06743196147967
0.631119353248053;-0.0836984546821906;0.897083381634799;1.09456454189978;1.00256522718967
0.291245987200097;-0.0688977035346761;1.03570930557288;1.14826763773885;1.06679022131625
0.358093330708775;0.168555914569626;1.05242873086528;0.932558281596545;0.962589813597387
0.269936821614408;0.10289048676864;0.958510543428579;1.15094679318405;0.908616068040453
0.243750008965698;0.179660797797929;1.00070358740481;1.18897843811754;1.14973166576889
0.514104479755142;0.0437027756953693;0.853641067520792;0.811103604387248;0.822978240046942
0.488932819295631;0.100402835485841;1.18035192765973;1.02981830401037;0.945413446737617
0.356722501980519;0.183666665559949;0.99176736670146;1.03377729158298;0.864061539337032
0.698820904438628;-0.0891083102685201;1.01091952244988;0.809575623796652;0.955251170769014
0.417860495643926;0.0159516163775707;0.96414010580648;0.980105743248251;0.840069703574916
0.254918758305608;0.144111292831688;1.16452833168174;1.11138323457568;0.997395917500885
0.304495477219841;-0.0544689329360412;1.1870984279712;1.14506688581428;1.15996114776937
0.347790641445347;-0.00293481245562555;0.935782328862422;0.960960556656155;0.848356607816001
0.33338934061956;0.0763211699194294;0.856230538011144;1.10670783140826;0.882539953301858
0.674062978757219;-0.0205168200582596;0.807082915974584;0.988765746134398;0.81195085120163
0.231122265539081;0.0957461094268606;1.00823707056377;1.10196745567464;0.846085591778573
0.604067331454559;-0.0417968685978147;0.865383962501041;0.830236174299682;1.11403378331017
0.293610348408736;0.0619303105450304;0.876839003067891;1.02535033068868;1.14917733279227
0.562399966245481;0.0547529608746125;1.09132250648422;1.11167850364151;0.969187267792883
0.342758491024448;-0.0636307497633129;0.859332017193457;1.15485581951868;1.1950172982012
0.230358993252788;0.0736659391627223;0.983186970633171;1.12596144390486;0.861407332465926
0.412635478203622;0.181220371255231;0.925267859880761;1.10659474300203;0.846569480425274
0.427484821638722;0.174709056838415;1.12673922367783;0.915493167974451;1.01436304288869
0.358056961834061;-0.0512052286420255;0.891439425546062;1.14798924171367;0.982768704420324
0.27280823659962;0.193781193137494;0.921188910857027;0.913081711985134;1.01191420395502
0.659284611082312;-0.0292799969848569;1.07806481915767;0.931323563403753;0.952541158066714
0.216146966045552;0.0289470399818943;0.891297196181573;1.1782615777687;1.11676499278811
0.519862910765819;-0.0263776914041425;1.11709645625066;0.930532350781013;0.852193177909428
0.537993519261623;-0.0338497144192531;0.905974340382683;1.07793282691598;0.916374087851228
0.628334142258451;-0.0711224244825178;1.16394853536205;0.889141148474351;1.18753795268749
0.262870634764138;0.0251601305567179;1.12004408688679;1.18942987387377;0.823480596264628
0.577658479115245;-0.0528814552990314;1.1761438226053;1.00225467238755;1.09680799024465
0.649918993218484;-0.000306798140331341;1.16717514767851;0.887357171323416;1.04448234831505
0.385987312935707;0.0143221342311543;1.10239954737815;1.15888595327888;1.08507531711198
0.619507222398904;0.0321258342064286;0.982983445018146;0.874961020922739;1.091849274767
0.364119687243791;-0.0252232763482181;1.19291513199701;0.981341148816973;0.801308169472989
0.409439385355267;0.138212138997666;0.832986449466454;0.885476545067145;1.09024771928152
0.659491850704538;0.0614777024970798;0.919291662170791;0.822865471444624;1.10076883056934
0.222385264702663;0.170052430011853;0.989725720499691;1.02025944867507;0.859701285681819
0.392707257590405;0.145571162757757;1.12164962146802;1.02348652107034;0.80010874631381
0.250344690049657;0.0454750532305389;0.864956639020298;1.09168813175367;1.05085553908184
0.484204128824577;0.0504545927531284;1.09250991507123;1.00912721564994;0.981303417095007
0.663638880047967;-0.0852333985492353;0.972928662252315;0.962743268161295;1.05777898758359
0.329379593397724;0.0229525393251778;0.937308939506834;1.08510600937758;1.12865001393719
0.506642055638626;-0.0795407353803876;0.959408645565939;1.15507038128365;1.00793767022182
0.645363103368756;0.0529630575929639;1.10062670834231;0.879646536926149;1.04782932309902
0.407792386955153;0.00808984058403836;1.10797793772828;1.03134433927976;0.929674613508664
0.431186228292364;0.148527747118174;0.849711205145843;0.899589298912368;1.12722817189165
0.304665933845399;0.148685868448583;1.17951978917471;0.902465053817783;0.986242516052319
0.395818992783023;-0.0122969181901667;1.19857167883883;1.12851171321443;0.961515934900313
0.321935315929011;0.123483149527227;1.06258418858209;1.15205323173391;1.04553741007306
0.238403535045299;0.110007214619182;1.17342340425586;1.14900594335714;1.18209561100617
0.312488862911127;0.0232559529145143;0.887393356703019;1.137115091245;1.16170712751983
0.330224739640421;0.0109586919233209;0.852895805946984;1.08335619858177;1.07370755370244
0.418215714347498;0.114822630301579;1.14934730165321;1.00876215192507;1.17493470332545
0.636644161996269;0.0471630436960742;1.14678969380256;0.818617852197641;1.15148356603478
0.664619379102954;0.0247013184880835;1.03740547792235;0.867399979727122;1.05210918376652
0.449743860083532;0.0397177589507914;1.05969378546808;1.06382057534059;1.0140626821319
0.502836113671341;0.108210230756084;1.00953013125952;0.900517538615615;0.811777803535379
0.245790068885971;0.151537976272249;0.997814224197395;1.03293961447782;1.0450502629921
0.20025262478235;0.12495344120734;0.811719953753126;1.19644296662474;0.971167170098099
0.382013852825387;0.054875558052762;1.14266765419104;1.05799637651916;1.16801658825409
0.445378915628999;0.018479313695673;1.06008440446925;1.04453520669131;0.804099362712594
0.607025562185781;-0.0377006957924729;1.03562569547303;1.03552747858286;1.01037273039646
0.304656149406651;0.166148455459825;1.13017973994451;0.990722952080575;1.05138162838322
0.468868658868507;-0.0854019504338814;0.81730740732347;0.966610439792891;1.06180522000037
0.374667641227585;0.15465703304668;0.946397183857796;1.01222458328009;0.851021182998522
0.640131875169681;-0.0611420574804798;0.926704201940302;0.902575322420529;0.816719482267037
0.559314910082645;0.0277299676192788;1.10758894608452;0.958574980735864;0.864716386735757
0.347268940743395;0.164463753563384;1.1170886254728;0.88887030592409;1.06447377569776
0.349786990962564;0.120806866663471;1.03062239630534;0.908616252207473;1.13048425277708
0.328130914100237;0.0453902200179323;0.897721867641351;1.10481803725357;1.16029419530375
0.609864214217322;-0.0602022887475878;0.891940006538529;0.988124603938029;1.01357206722905
0.646736258986293;-0.0605390112750983;0.904108672690949;1.02765140097322;1.17974323241147
0.614895241080703;-0.0493831139209781;0.879354655748173;0.887014290637272;0.851593600841828
0.468825706875235;0.111475985175593;1.06199967052907;0.890697367334518;1.12846199213879
0.241003425546732;0.197974095730662;1.04880852246868;0.905759208242128;0.918988326585488
0.42687738570197;0.0400101687394949;1.12145046620131;0.908680899218822;0.805871140189466
0.306388070320902;0.127798679268046;0.82860455352732;0.958520425373576;1.01174312202466
0.539296250049616;-0.0764352186538496;1.07979259480809;1.11584529448487;1.13583635554007
0.520095119904157;0.0915219314274422;0.839924052496296;0.918660060266523;1.15844681180963
0.413194532151263;0.0864760555630815;0.903071477327611;0.970104691287912;1.08705574720486
0.478327800222597;-0.0875463344818028;0.997135732432936;1.07473508847039;0.873564350918549
0.297588869441212;0.116553715702006;0.865777567012594;1.16465957606935;1.0126795485991
0.688336865278223;0.0340851477796666;0.995528374342091;0.813334237847892;1.02109610637141
0.482509989325727;-0.0712755848992127;0.99282935845676;1.13894699485345;0.988370492248427
0.336314437189047;0.0843010961476934;0.800413941983544;1.08761154834238;1.02078848177149
0.34844794373093;-0.0293751544400813;1.19363908260733;1.01227379823828;1.18173209820731
0.350797756844758;0.0216193997279053;1.01027622049813;0.961196519818797;1.10775300135519
0.682624989319891;0.0972635718931887;0.951846620715342;0.802031507899779;0.945629168209973
0.60769953128947;0.0514579299941027;0.835101901822929;0.860432825536156;1.06225129295461
0.34190609013941;0.110929712993878;0.940122582519283;0.968267374084789;0.983911596459021
0.402949958414782;-0.0163165253972576;0.842312702245462;1.13257965996521;1.12404169792255
0.244908872499046;0.181748987809022;0.991173381977665;1.09126401388126;0.93279981154508
0.539470245767392;0.136014051081908;1.14840863434628;0.817991897076065;1.1610392014803
0.377099818228842;0.159014921691221;1.08320933924979;0.925441107154415;0.835702302514093
0.565367595556604;-0.0408196499722944;0.968745765511624;0.913338333484007;1.09965387376442
0.295536654072097;0.171159516704631;0.911968178350102;1.04780702775605;1.07269698866079
0.412466764963055;-0.0580469504800395;0.921792694391691;1.0568546504809;1.05495700891129
0.297618541860155;0.0161330116866395;0.93669600751953;1.1546804911915;0.873296927805383
0.652495718510083;0.165026448669562;1.0124701770064;0.812688661233361;1.12016478484368
0.245123130319299;0.157110373110025;1.18003558239477;1.10437194485738;1.07254006697343
0.2931827450358;0.031140566124284;1.09497424425296;1.03498648006968;0.948137664903198
0.247453396387941;0.161412782660456;0.830151749223346;1.08871484648186;0.82356326759368
0.237772209571723;0.121199792428803;0.963746874100889;1.00555980647708;0.805736293880826
0.603632780191776;0.048222070688609;1.07850912131936;0.878796980618209;1.16025133755342
0.618216927037588;0.0390980809070247;1.03941250375187;0.888316931126733;1.11929800590319
0.626034168671214;-0.0498155303415919;1.02974146846849;0.937350527761159;0.980401767020323
0.589245412626486;0.0615123059946757;0.967935594438507;0.909938531922229;1.1439813917581
0.608927751639999;0.0514411804278553;1.17624055418155;0.961611328543623;1.0670954204537
0.661741358616917;-0.0683608048882269;1.19217579618308;0.97125222103814;1.00416059823643
0.605888984419747;0.0507265665858436;0.870007428838938;0.822084618177355;0.928122625042093
0.224579253719153;0.172967652198452;1.03369556237352;1.1915260248385;0.820031666125206
0.572699829366658;-0.0657492766559662;1.05498124769526;0.857878717576257;1.1582233489025
0.548166745645355;-0.050818989857481;0.877246803403701;0.97437971484061;1.10581490367445
0.594074259081089;-0.026523501212916;1.10437225173581;1.00444194677194;0.916338846258732
0.518564717874419;0.0794914348813038;0.868635649337053;0.871397718061793;1.18652096750983
0.202326043826041;0.184242005068176;1.17108918923507;1.17075873759756;1.16774324499357
0.421142163939333;0.145664870058102;1.11784562786772;1.08413093109217;0.937150297990438
0.548562708439249;-0.0823118121546054;0.846887867047527;1.15221918434572;0.930562483678033
0.494507919474752;0.0875582966954819;1.07047069962255;0.81714020689241;0.899536041295649
0.351285775805743;0.0360421910208509;1.17169546510096;1.17448219555357;1.03275572515798
0.285257962671154;0.119485732354552;1.00055510013358;1.13639101225285;1.07153568489679
0.306384975195297;-0.0539756453076476;1.04341517034457;1.12708774152555;1.18436620536118
0.237857579823835;-0.0261502808371787;1.07279408938899;1.18542755582673;1.09298097916814
0.579086353148362;-0.0426535597151265;0.890012192150002;1.05841121789606;0.831403750277495
0.548565413442217;0.110297459780054;1.02462084560979;0.982402056240988;1.07443142817661
0.26502303950456;0.174143373450714;0.840153129170903;1.06863307493857;1.09253765122037
0.540156519638329;0.0220753098080592;1.00506832472086;1.08863793921487;0.932725758419306
0.360593665035668;0.0756306652186372;0.94029006519208;1.04132354003952;0.852331963288929
0.523165622536783;0.17845535527321;0.876664524633554;0.81873769197818;1.01896897455592
0.485465319413699;0.118526289996504;0.80513894239521;0.972488114935617;1.19573730735715
0.450642545039497;0.131384656423166;0.994427232081744;1.10167163968858;1.1469674039085
0.554089245429834;0.10482520666222;1.03853298549028;0.81980098393719;1.15831858923135
0.376761916408244;-0.0458976971564472;0.909307271938079;1.15572835479245;0.86918836912514
0.363941708643198;0.0695268240608586;1.10500553174445;1.04662622161716;0.930075484628775
0.601441445575727;0.0466009557008004;0.885051130166365;1.04302453250976;1.0859693113928
0.689946450515715;0.0107072460266775;0.895734400313352;0.803181449749253;1.09449544624669
0.675986775423068;-0.0575193625749477;1.16222957155265;0.87659615970748;0.944513237154386
0.226134166624218;0.0295000223437071;0.865214338848079;1.18846186424481;1.14575031880469
0.691940957351186;-0.00532104041052144;0.81170416864755;0.827730853258336;1.04105846159563
0.481664628123404;0.0819989781351957;0.857251692558677;0.91184576942586;0.913272640834594
0.60118965601271;-0.00344957679700039;0.892651946539313;1.01006507886954;1.12706503126568
0.237815982484052;-0.0189252622235865;1.02210127714023;1.13993724348684;0.890358484763779
0.658150140705435;0.0636254984813795;0.854537682172946;0.942491658699117;0.963952159876295
0.521428084931962;0.156238916273126;0.94231102455828;0.857848828066594;1.00887249198612
0.687055434017912;-0.0476600456171201;1.04061194211799;0.83464236361491;1.11378595752914
0.277043191333596;0.175118977978209;0.825265182335051;1.18266221210232;1.19842131164901
0.233298730464331;0.13105578421097;1.17969486679249;1.065170868986;0.826548392546677
0.323346858416337;-0.0597256714143964;1.01699070965437;1.12190581124809;1.17471177749323
0.37944558729614;0.149373232745433;0.896069855642376;0.892195947752349;0.896230291727588
0.672677706332524;0.00421099786702726;0.921352426153849;0.812921733923363;1.10622123481439
0.563829049543146;0.109819001795304;0.90125490470024;0.867960820266919;0.83700384995116
0.367480918544286;-0.047962842312704;0.891446963865202;1.12151600259252;0.945253723881792
0.465053009928839;0.130241905028071;0.918095538705092;1.12960820242504;0.900554811933966
0.579617272148678;0.121979436210881;0.929430886149816;0.8471607692436;1.00440202389754
0.216339895331856;0.142290558584332;1.0362332541204;1.14001563447349;0.981470003426627
0.530650383287631;-0.083279083917396;0.869828001385602;1.16255890591078;0.971008620361716
0.569775782592439;0.0236393614338092;1.01124254536595;0.942516154271161;1.09516324394167
0.573111580808248;-0.0772334995612165;0.807954679719774;0.890982686264608;0.998423503016059
0.328918794402512;-0.0354432797683394;1.00268266486446;1.15580199624988;1.01487474475288
0.316636684319285;0.122776196251251;1.11637154925094;1.03678913145622;1.02778527763483
0.458339474960036;0.0225712719903661;1.13859113095626;1.01838165529498;0.898474383680572
0.667664275588062;0.0744079436109624;1.10928865834499;0.8170995161753;0.87788800899377
0.3022682615513;0.182609096012703;1.07652450654013;1.08555274432948;0.924821666748627
0.635741161275653;0.107255362343714;0.963340382729116;0.840646656258661;1.07451999660878
0.695147288059606;-0.0869314937455551;0.992954474391617;0.834154799809464;0.879272553526349
0.217887444855696;0.199399002250483;0.83827148757523;0.954449197458388;0.801294828232263
0.489315133857519;0.0754472004296799;1.1960536476685;0.890461165301111;0.948300834989663
0.566948055104094;0.139413798116684;0.936457844798939;0.90179399839653;1.14493072364018
0.65380109761174;-0.0716740288004378;0.922255925227708;0.89304636047418;0.930860676552491
0.507563734093645;-0.0474361408637001;1.01288805953391;0.995090452701395;1.16204249875957
0.378830914763063;0.0942916705530891;0.875468239961585;0.99837784133275;0.901513393983025
0.401372097860019;0.0062714689601715;0.945672786255947;1.08936459961894;0.963311660688273
0.371905851964401;0.159744192867781;1.15503757371086;0.975073624695036;0.880008691324907
0.536441102771544;-0.0480334176027957;1.1442974516294;1.03118811760174;1.13750717573489
0.556941881963527;0.0975201673179397;0.978920984911079;0.919917510816531;0.947563669907283
0.359993154633786;0.177349145739476;1.02871973805852;0.867168880739644;0.946319175851086
0.466725356876433;0.0421198358329801;1.12497768158064;1.10789339598444;0.973216633693987
0.416231327987024;-0.0148727501244315;0.956372990541869;0.868356203584998;0.961290916607954
0.531578373098245;0.0309948815127623;1.04538808131265;0.854345557369016;0.950701891845169
0.224273179951316;0.0847097377031263;0.80572419979898;1.16440367273345;1.07438806676905
0.379718091814221;0.163878467973361;0.925534290820729;1.11263945332094;1.03842099873862
0.637557321407172;0.156876122465956;1.10937368467253;0.851696241736394;0.808226721165598
0.370228693764567;0.014172827424692;1.12904127387469;0.958072349532691;1.09930197669176
0.294493984655006;0.0823902385919167;0.964374790004953;1.16566627480426;0.91791755850389
0.536390202727005;0.0386669169993911;1.0248486180416;0.898027015761489;0.906186358835237
0.215292079886282;0.0839025376038055;0.870971079775388;1.19219823848919;1.19713255963664
0.313898929325171;-0.0538303075433448;1.12920372366868;1.17894155504008;1.07615752706444
